{
    "deviceInfoVersion": 2,
    "data": {
        "display": "MIRAI.835517.001",
        "product": "mirai",
        "device": "mirai",
        "board": "mirai",
        "brand": "mamoe",
        "model": "mirai",
        "bootloader": "unknown",
        "fingerprint": "mamoe/mirai/mirai:10/MIRAI.200122.001/4681129:user/release-keys",
        "bootId": "7ACFA000-D1F9-7EE4-00C1-5EB5DCE7ED1A",
        "procVersion": "Linux version 3.0.31-z7l38AT2 (android-build@xxx.xxx.xxx.xxx.com)",
        "baseBand": "",
        "version": {
            "incremental": "5891938",
            "release": "10",
            "codename": "REL"
        },
        "simInfo": "T-Mobile",
        "osType": "android",
        "macAddress": "02:00:00:00:00:00",
        "wifiBSSID": "02:00:00:00:00:00",
        "wifiSSID": "<unknown ssid>",
        "imsiMd5": "a1e35dcbac45565d8299a83df04990e2",
        "imei": "845558685364442",
        "apn": "wifi"
    }
}